,feeling
0,4
1,4
2,5
3,5
4,4
5,5
6,5
7,5
8,3
9,4
10,3
11,3
12,3
13,3
14,3
15,3
16,3
17,3
18,3
19,3
20,3
21,5
22,5
23,5
24,4
25,5
26,4
27,4
28,4
29,4
30,4
31,4
32,4
33,4
34,4
35,4
36,3
37,4
38,3
39,4
40,3
41,3
42,3
43,3
44,4
45,4
46,4
47,4
48,3
49,2
50,3
51,3
52,4
53,4
54,3
55,4
56,3
57,4
58,4
59,5
60,4
61,4
62,4
63,5
64,5
65,5
66,3
67,3
68,4
69,4
70,3
71,3
72,4
73,4
74,4
75,5
76,5
77,4
78,5
79,4
80,4
81,5
82,4
83,4
84,4
85,4
86,4
87,4
88,4
89,4
90,4
91,5
92,4
93,4
94,4
95,5
96,3
97,4
98,4
99,5
100,4
101,4
102,4
103,5
104,4
105,3
106,3
107,3
108,3
109,3
110,4
111,4
112,4
113,4
114,4
115,3
116,4
117,4
118,4
119,3
120,3
121,3
122,3
123,4
124,4
125,4
126,4
127,3
128,4
129,4
130,3
131,4
132,3
133,3
134,2
135,2
136,3
137,4
138,3
139,4
140,3
141,3
142,3
143,3
144,3
145,4
146,4
147,4
148,4
149,3
150,4
151,3
152,3
153,3
154,3
155,3
156,4
157,3
158,3
159,4
160,4
161,3
162,4
163,3
164,5
165,4
166,3
167,4
168,3
169,4
170,4
171,4
172,4
173,4
174,4
175,4
176,4
177,3
178,3
179,5
180,4
181,4
182,5
183,4
184,4
185,4
186,3
187,4
188,4
189,4
190,4
191,4
192,4
193,4
194,3
195,3
196,3
197,3
198,4
199,3
200,4
201,4
202,4
203,3
204,3
205,4
206,4
207,4
208,5
209,5
210,4
211,4
212,3
213,4
214,4
215,4
216,5
217,5
218,5
219,5
220,5
221,3
222,4
223,4
224,3
225,4
226,3
227,4
228,4
229,3
230,4
231,4
232,4
233,3
234,3
235,4
236,4
237,4
238,3
239,3
240,4
241,5
242,5
243,4
244,4
245,4
246,4
247,4
248,5
249,4
250,4
251,5
252,5
253,5
254,5
255,4
256,3
257,4
258,4
259,4
260,3
261,4
262,3
263,4
264,3
265,4
266,4
267,3
268,4
269,3
270,2
271,3
272,4
273,3
274,3
275,4
276,4
277,4
278,5
279,5
280,5
281,5
282,5
283,3
284,4
285,3
286,4
287,3
288,4
289,4
290,4
291,4
292,3
293,4
294,4
295,4
296,4
297,4
298,4
299,3
300,3
301,3
302,3
303,3
304,3
305,3
306,3
307,5
308,5
309,5
310,5
311,4
312,4
313,4
314,5
315,5
316,4
317,4
318,5
319,4
320,4
321,3
322,5
323,4
324,4
325,4
326,5
327,4
328,4
329,4
330,4
331,4
332,4
333,4
334,4
335,4
336,2
337,3
338,4
339,3
340,3
341,3
342,4
343,3
344,3
345,3
346,3
347,4
348,3
349,4
350,3
351,3
352,3
353,3
354,3
355,4
356,3
357,3
358,4
359,3
360,3
361,3
362,3
363,3
364,3
365,4
366,4
367,4
368,4
369,3
370,3
371,3
372,3
373,3
374,3
375,4
376,4
377,3
378,3
379,4
380,4
381,3
382,4
383,4
384,3
385,3
386,4
387,4
388,4
389,4
390,3
391,3
392,3
393,3
394,4
395,3
396,3
397,3
398,4
399,4
400,4
401,4
402,4
403,3
404,3
405,3
406,3
407,3
408,5
409,4
410,4
411,4
412,4
413,5
414,4
415,3
416,3
417,4
418,4
419,4
420,3
421,3
422,2
423,3
424,3
425,4
426,3
427,4
428,4
429,4
430,3
431,5
432,3
433,4
434,3
435,4
436,4
437,5
438,4
439,4
440,4
441,3
442,2
443,3
444,4
445,4
446,5
447,3
448,3
449,3
450,3
451,3
452,4
453,3
454,3
455,3
456,4
457,4
458,4
459,5
460,5
461,4
462,3
463,4
464,3
465,3
466,3
467,3
468,3
469,3
470,3
471,3
472,3
473,3
474,3
475,4
476,4
477,3
478,5
479,4
480,5
481,5
482,5
483,5
484,4
485,4
486,4
487,4
488,3
489,4
490,4
491,3
492,4
493,4
494,4
495,4
496,4
497,4
498,5
499,4
500,4
501,4
502,4
503,4
504,4
505,4
506,4
507,4
508,4
509,4
510,4
511,4
512,4
513,4
514,4
515,4
516,4
517,4
518,4
519,4
520,5
521,4
522,4
523,4
524,3
525,4
526,4
527,5
528,4
529,4
530,4
531,3
532,3
533,3
534,5
535,3
536,3
537,4
538,4
539,4
540,4
541,4
542,5
543,5
544,5
545,4
546,4
547,3
548,4
549,4
550,4
551,3
552,3
553,3
554,4
555,4
556,4
557,3
558,4
559,4
560,4
561,3
562,4
563,3
564,3
565,4
566,3
567,4
568,3
569,3
570,4
571,4
572,4
573,4
574,3
575,4
576,4
577,4
578,5
579,5
580,5
581,5
582,5
583,5
584,4
585,4
586,4
587,4
588,4
589,4
590,4
591,3
592,4
593,3
594,3
595,5
596,5
597,4
598,3
599,3
600,3
601,4
602,4
603,3
604,3
605,3
606,4
607,3
608,3
609,3
610,4
611,3
612,3
613,4
614,3
615,4
616,4
617,4
618,4
619,3
620,4
621,3
622,4
623,3
624,4
625,3
626,3
627,4
628,4
629,3
630,3
631,3
632,3
633,4
634,3
635,5
636,5
637,5
638,5
639,5
640,5
641,5
642,3
643,4
644,5
645,5
646,5
647,4
648,4
649,4
650,4
651,4
652,4
653,4
654,4
655,4
656,4
657,4
658,5
659,5
660,4
661,4
662,4
663,4
664,3
665,3
666,4
667,4
668,5
669,4
670,3
671,4
672,4
673,3
674,4
675,3
676,3
677,4
678,4
679,4
680,3
681,3
682,3
683,3
684,4
685,4
686,3
687,3
688,3
689,3
690,4
691,5
692,5
693,4
694,4
695,4
696,4
697,5
698,3
699,4
700,4
701,4
702,4
703,4
704,3
705,4
706,4
707,4
708,4
709,4
710,3
711,4
712,4
713,4
714,3
715,5
716,3
717,3
718,4
719,3
720,3
721,5
722,4
723,4
724,4
725,4
726,4
727,4
728,4
729,4
730,3
731,4
732,4
733,3
734,4
735,3
736,3
737,3
738,3
739,4
740,3
741,3
742,4
743,3
744,4
745,5
746,5
747,5
748,4
749,3
750,4
751,4
752,4
753,4
754,4
755,4
756,4
757,3
758,4
759,4
760,4
761,4
762,4
763,4
764,3
765,4
766,4
767,4
768,4
769,3
770,4
771,4
772,3
773,3
774,4
775,4
776,4
777,4
778,4
779,4
780,4
781,4
782,4
783,4
784,4
785,3
786,3
787,3
788,3
789,4
790,5
791,5
792,5
793,5
794,3
795,4
796,4
797,4
798,5
799,4
800,5
801,5
802,4
803,3
804,3
805,4
806,3
807,3
808,2
809,3
810,3
811,1
812,4
813,4
814,4
815,4
816,4
817,4
818,3
819,3
820,4
821,2
822,4
823,4
824,3
825,2
826,2
827,3
828,4
829,4
830,3
831,3
832,3
833,4
834,2
835,2
836,4
837,3
838,3
839,4
840,1
841,3
842,4
843,4
844,4
845,2
846,5
847,5
848,5
849,5
850,5
851,5
852,5
853,5
854,5
855,5
856,4
857,2
858,2
859,3
860,2
861,3
862,4
863,3
864,3
865,4
866,3
867,3
868,3
869,3
870,3
871,4
872,4
873,3
874,4
875,3
876,3
877,3
878,3
879,3
880,4
881,4
882,4
883,4
884,2
885,3
886,3
887,3
888,5
889,5
890,4
891,4
892,4
893,4
894,4
895,4
896,4
897,4
898,3
899,2
900,3
901,3
902,3
903,2
904,3
905,3
906,2
907,2
908,3
909,4
910,4
911,4
912,4
913,4
914,4
915,4
916,4
917,4
918,4
919,4
920,4
921,4
922,4
923,4
924,4
925,3
926,3
927,3
928,3
929,3
930,3
931,3
932,3
933,3
934,3
935,3
936,3
937,3
938,3
939,4
940,4
941,4
942,4
943,4
944,2
945,2
946,4
947,4
948,4
949,4
950,4
951,4
952,4
953,4
954,4
955,4
956,4
957,4
958,3
959,3
960,3
961,3
962,3
963,4
964,4
965,4
966,4
967,4
968,4
969,4
970,4
971,4
972,4
973,3
974,3
975,3
976,3
977,4
978,4
979,4
980,4
981,4
982,4
983,4
984,4
985,4
986,4
987,4
988,4
989,4
990,4
991,4
992,4
993,4
994,4
995,4
996,4
997,4
998,2
999,2
1000,2
1001,2
1002,4
1003,4
1004,4
1005,4
1006,4
1007,4
1008,4
1009,4
1010,1
1011,1
1012,1
1013,4
1014,4
1015,3
1016,4
1017,4
1018,4
1019,4
1020,4
1021,4
1022,4
1023,2
1024,3
1025,3
1026,3
1027,4
1028,1
1029,5
1030,5
1031,4
1032,4
1033,5
1034,5
1035,5
1036,3
1037,2
1038,4
1039,2
1040,4
1041,4
1042,4
1043,4
1044,2
1045,2
1046,2
1047,2
1048,2
1049,1
1050,1
1051,1
1052,1
1053,1
1054,3
1055,2
1056,2
1057,3
1058,4
1059,4
1060,4
1061,4
1062,4
1063,4
1064,4
1065,4
1066,3
1067,3
1068,3
1069,5
1070,5
1071,5
1072,4
1073,4
1074,3
1075,5
1076,5
1077,5
1078,5
1079,5
1080,5
1081,5
1082,5
1083,5
1084,3
1085,2
1086,1
1087,1
1088,1
1089,1
1090,1
1091,2
1092,2
1093,2
1094,3
1095,3
1096,3
1097,2
1098,3
1099,3
1100,3
1101,3
1102,4
1103,4
1104,4
1105,4
1106,3
1107,5
1108,1
1109,1
1110,1
1111,3
1112,3
1113,3
1114,4
1115,4
1116,4
1117,5
1118,4
1119,3
1120,4
1121,3
1122,5
1123,4
1124,5
1125,4
1126,4
1127,4
1128,4
1129,4
1130,4
1131,3
1132,3
1133,4
1134,3
1135,3
1136,3
1137,4
1138,4
1139,4
1140,3
1141,4
1142,3
1143,4
1144,4
1145,4
1146,4
1147,4
1148,4
1149,4
1150,5
1151,5
1152,5
1153,5
1154,5
1155,4
1156,4
1157,4
1158,4
1159,4
1160,5
1161,3
1162,3
1163,3
1164,2
1165,2
1166,2
1167,5
1168,5
1169,5
1170,4
1171,4
1172,4
1173,4
1174,4
1175,3
1176,5
1177,4
1178,4
1179,4
1180,4
1181,4
1182,4
1183,4
1184,4
1185,4
1186,5
1187,5
1188,5
1189,2
1190,1
1191,3
1192,4
1193,4
1194,5
1195,3
1196,3
1197,4
1198,2
1199,5
1200,3
1201,3
1202,3
1203,3
1204,3
1205,3
1206,3
1207,3
1208,3
1209,4
1210,4
1211,4
1212,4
1213,4
1214,4
1215,4
1216,4
1217,4
1218,3
1219,3
1220,3
1221,1
1222,1
1223,1
1224,1
1225,1
1226,5
1227,3
1228,3
1229,3
1230,3
1231,2
1232,3
1233,3
1234,3
1235,3
1236,3
1237,3
1238,3
1239,3
1240,3
1241,3
1242,3
1243,3
1244,4
1245,3
1246,3
1247,4
1248,4
1249,3
1250,3
1251,5
1252,3
1253,4
1254,3
1255,3
1256,5
1257,3
1258,3
1259,2
1260,2
1261,2
1262,3
1263,3
1264,3
1265,2
1266,2
1267,2
1268,2
1269,2
1270,4
1271,4
1272,4
1273,4
1274,4
1275,4
1276,4
1277,4
1278,4
1279,4
1280,4
1281,3
1282,3
1283,3
1284,3
1285,4
1286,4
1287,3
1288,4
1289,4
1290,4
1291,4
1292,4
1293,4
1294,4
1295,4
1296,4
1297,3
1298,3
1299,3
1300,3
1301,3
1302,3
1303,3
1304,3
1305,3
1306,3
1307,3
1308,3
1309,3
1310,3
1311,4
1312,4
1313,4
1314,4
1315,4
1316,4
1317,4
1318,4
1319,4
1320,4
1321,4
1322,4
1323,4
1324,4
1325,4
1326,4
1327,4
1328,4
1329,3
1330,3
1331,3
1332,3
1333,3
1334,3
1335,4
1336,4
1337,4
1338,4
1339,3
1340,3
1341,3
1342,3
1343,3
1344,4
1345,4
1346,4
1347,4
1348,4
1349,4
1350,4
1351,4
1352,4
1353,4
1354,4
1355,4
1356,5
1357,5
1358,5
1359,5
1360,5
1361,3
1362,3
1363,3
1364,3
1365,3
1366,3
1367,3
1368,3
1369,3
1370,3
1371,3
1372,3
1373,2
1374,2
1375,1
1376,1
1377,1
1378,1
1379,1
1380,3
1381,3
1382,3
1383,3
1384,3
1385,3
1386,3
1387,3
1388,3
1389,3
1390,3
1391,3
1392,2
1393,3
1394,3
1395,3
1396,3
1397,3
1398,3
1399,3
1400,3
1401,3
1402,3
1403,3
1404,3
1405,3
1406,3
1407,4
1408,4
1409,4
1410,4
1411,2
1412,3
1413,3
1414,3
1415,3
1416,3
1417,3
1418,3
1419,3
1420,3
1421,3
1422,3
1423,4
1424,4
1425,4
1426,4
1427,4
1428,4
1429,4
1430,3
1431,3
1432,4
1433,4
1434,3
1435,3
1436,3
1437,4
1438,4
1439,4
1440,3
1441,3
1442,3
1443,3
1444,3
1445,4
1446,4
1447,4
1448,4
1449,4
1450,4
1451,4
1452,4
1453,4
1454,4
1455,4
1456,4
1457,4
1458,4
1459,4
1460,4
1461,4
1462,4
1463,4
1464,4
1465,4
1466,4
1467,4
1468,4
1469,2
1470,2
1471,2
1472,2
1473,2
1474,2
1475,2
1476,2
1477,4
1478,4
1479,4
1480,3
1481,3
1482,3
1483,3
1484,3
1485,3
1486,3
1487,3
1488,3
1489,3
1490,3
1491,3
1492,3
1493,5
1494,4
1495,2
1496,4
1497,4
1498,4
1499,4
1500,4
1501,4
1502,4
1503,4
1504,4
1505,4
1506,3
1507,3
1508,3
1509,3
1510,3
1511,3
1512,3
1513,3
1514,4
1515,4
1516,4
1517,3
1518,4
1519,4
1520,4
1521,4
1522,4
1523,4
1524,4
1525,4
1526,4
1527,2
1528,3
1529,2
1530,2
1531,2
1532,3
1533,3
1534,3
1535,4
1536,3
1537,3
1538,4
1539,4
1540,4
1541,4
1542,4
1543,5
1544,3
1545,3
1546,4
1547,3
1548,4
1549,4
1550,4
1551,4
1552,3
1553,3
1554,3
1555,4
1556,3
1557,4
1558,3
1559,4
1560,3
1561,4
1562,3
1563,3
1564,4
1565,4
1566,3
1567,4
1568,4
1569,3
1570,3
1571,3
1572,3
1573,4
1574,4
1575,4
1576,4
1577,3
1578,3
1579,4
1580,3
1581,3
1582,3
1583,4
1584,3
1585,3
1586,3
1587,4
1588,3
1589,4
1590,4
1591,2
1592,3
1593,4
1594,3
1595,4
1596,4
1597,4
1598,4
1599,3
1600,3
1601,3
1602,3
1603,4
1604,4
1605,4
1606,4
1607,4
1608,3
1609,4
1610,4
1611,4
1612,4
1613,4
1614,3
1615,4
1616,3
1617,3
1618,3
1619,3
1620,3
1621,3
1622,5
1623,4
1624,4
1625,4
1626,5
1627,3
1628,4
1629,4
1630,3
1631,4
1632,4
1633,4
1634,4
1635,4
1636,4
1637,3
1638,3
1639,3
1640,3
1641,4
1642,4
1643,4
1644,4
1645,4
1646,4
1647,3
1648,3
1649,5
1650,5
1651,5
1652,5
1653,5
1654,5
1655,5
1656,5
1657,5
1658,5
1659,5
1660,5
1661,3
1662,3
1663,4
1664,4
1665,4
1666,4
1667,4
1668,4
1669,4
1670,4
1671,4
1672,4
1673,4
1674,4
1675,4
1676,3
1677,3
1678,3
1679,3
1680,3
1681,2
1682,3
1683,4
1684,3
1685,3
1686,3
1687,3
1688,3
1689,2
1690,2
1691,3
1692,3
1693,3
1694,3
1695,3
1696,2
1697,2
1698,2
1699,4
1700,2
1701,2
1702,2
1703,3
1704,3
1705,3
1706,3
1707,5
1708,3
1709,3
1710,4
1711,5
1712,5
1713,5
1714,4
1715,4
1716,3
1717,3
1718,4
1719,4
1720,3
1721,3
1722,4
1723,3
1724,5
1725,5
1726,5
1727,4
1728,4
1729,5
1730,4
1731,4
1732,5
1733,4
1734,4
1735,4
1736,4
1737,5
1738,4
1739,3
1740,4
1741,4
1742,3
1743,3
1744,4
1745,4
1746,3
1747,3
1748,3
1749,4
1750,4
1751,4
1752,4
1753,5
1754,3
1755,3
1756,4
1757,3
1758,4
1759,3
1760,4
1761,5
1762,4
1763,3
1764,4
1765,4
1766,4
1767,4
1768,5
1769,5
1770,5
1771,3
1772,4
1773,3
1774,5
1775,4
1776,5
1777,5
1778,4
1779,4
1780,5
1781,5
1782,4
1783,5
1784,4
1785,3
1786,5
1787,4
1788,5
1789,5
1790,4
1791,5
1792,4
1793,5
1794,4
1795,5
1796,4
1797,5
1798,3
1799,4
1800,5
1801,4
1802,5
1803,3
1804,5
1805,3
1806,4
1807,5
1808,5
1809,3
1810,4
1811,5
1812,5
1813,4
1814,5
1815,4
1816,3
1817,5
1818,4
1819,5
1820,4
1821,4
1822,3
1823,4
1824,3
1825,3
1826,3
1827,3
1828,3
1829,3
1830,4
1831,4
1832,4
1833,4
1834,3
1835,3
1836,3
1837,3
1838,3
1839,3
1840,3
1841,3
1842,3
1843,3
1844,3
1845,3
1846,3
1847,3
1848,3
1849,3
1850,3
1851,3
1852,3
1853,3
1854,3
1855,3
1856,3
1857,3
1858,3
1859,3
1860,3
1861,3
1862,3
1863,3
1864,3
1865,4
1866,4
1867,4
1868,4
1869,4
1870,4
1871,4
1872,4
1873,4
1874,4
1875,3
1876,3
1877,3
1878,3
1879,3
1880,3
1881,3
1882,3
1883,3
1884,3
1885,3
1886,3
1887,3
1888,3
1889,3
1890,3
1891,3
1892,3
1893,4
1894,4
1895,4
1896,4
1897,4
1898,4
1899,4
1900,4
1901,4
1902,3
1903,3
1904,3
1905,3
1906,4
1907,4
1908,4
1909,3
1910,3
1911,3
1912,5
1913,5
1914,5
1915,5
1916,5
1917,3
1918,3
1919,3
1920,3
1921,3
1922,3
1923,3
1924,3
1925,3
1926,4
1927,4
1928,4
1929,4
1930,4
1931,4
1932,3
1933,3
1934,3
1935,3
1936,3
1937,3
1938,3
1939,3
1940,3
1941,3
1942,3
1943,3
1944,3
1945,3
1946,4
1947,4
1948,4
1949,4
1950,4
1951,4
1952,4
1953,4
1954,4
1955,4
1956,4
1957,4
1958,4
1959,4
1960,4
1961,4
1962,5
1963,5
1964,5
1965,3
1966,3
1967,4
1968,4
1969,3
1970,4
1971,4
1972,5
1973,5
1974,5
1975,4
1976,4
1977,5
1978,4
1979,4
1980,3
1981,5
1982,3
1983,3
1984,3
1985,3
1986,5
1987,5
1988,5
1989,5
1990,5
1991,5
1992,5
1993,5
1994,5
1995,5
1996,5
1997,5
1998,4
1999,5
2000,5
2001,5
2002,5
2003,3
2004,5
2005,5
2006,5
2007,3
2008,5
2009,4
2010,5
2011,4
2012,3
2013,4
2014,5
2015,3
2016,5
2017,3
2018,5
2019,5
2020,3
2021,5
2022,5
2023,5
2024,4
2025,5
2026,3
2027,5
2028,3
2029,3
2030,1
2031,1
2032,3
2033,1
2034,3
2035,4
2036,2
2037,3
2038,5
2039,5
2040,1
2041,4
2042,4
2043,3
2044,2
2045,2
2046,2
2047,5
2048,5
2049,5
2050,5
2051,5
2052,5
2053,5
2054,5
2055,5
2056,5
2057,5
2058,5
2059,5
2060,5
2061,5
2062,5
2063,5
2064,5
2065,5
2066,5
2067,5
2068,5
2069,2
2070,2
2071,2
2072,5
2073,5
2074,5
2075,5
2076,5
2077,5
2078,5
2079,1
2080,1
2081,1
2082,1
2083,1
2084,1
2085,1
2086,1
2087,5
2088,5
2089,5
2090,5
2091,5
2092,5
2093,5
2094,5
2095,5
2096,5
2097,4
2098,4
2099,4
2100,4
2101,4
2102,4
2103,4
2104,4
2105,4
2106,4
2107,5
2108,5
2109,4
2110,4
2111,4
2112,4
2113,4
2114,4
2115,4
2116,4
2117,4
2118,5
2119,5
2120,4
2121,5
2122,5
2123,5
2124,5
2125,5
2126,4
2127,4
2128,4
2129,4
2130,4
2131,4
2132,4
2133,4
2134,4
2135,4
2136,4
2137,4
2138,4
2139,4
2140,4
2141,4
2142,4
2143,4
2144,3
2145,3
2146,4
2147,4
2148,3
2149,3
2150,5
2151,4
2152,4
2153,4
2154,4
2155,4
2156,5
2157,5
2158,5
2159,5
2160,5
2161,5
2162,5
2163,5
2164,5
2165,5
2166,3
2167,5
2168,5
2169,5
2170,5
2171,5
2172,5
2173,3
2174,3
2175,3
2176,3
2177,3
2178,3
2179,3
2180,3
2181,5
2182,5
2183,5
2184,5
2185,5
2186,5
2187,5
2188,5
2189,5
2190,5
2191,5
2192,5
2193,5
2194,5
2195,4
2196,4
2197,4
2198,3
2199,3
2200,3
2201,4
2202,4
2203,2
2204,1
2205,5
2206,5
2207,5
2208,5
2209,5
2210,5
2211,5
2212,4
2213,4
2214,4
2215,4
2216,4
2217,5
2218,5
2219,5
2220,5
2221,5
2222,3
2223,3
2224,3
2225,5
2226,4
2227,4
2228,3
2229,4
2230,4
2231,5
2232,3
2233,4
2234,4
2235,5
2236,4
2237,5
2238,5
2239,4
2240,5
2241,5
2242,5
2243,5
2244,5
2245,5
2246,3
2247,3
2248,3
2249,3
2250,2
2251,3
2252,3
2253,4
2254,2
2255,3
2256,4
2257,4
2258,4
2259,4
2260,4
2261,4
2262,4
2263,4
2264,4
2265,4
2266,4
2267,4
2268,4
2269,4
2270,4
2271,3
2272,5
2273,5
2274,5
2275,5
2276,5
2277,5
2278,3
2279,3
2280,5
2281,5
2282,4
2283,4
2284,4
2285,4
2286,4
2287,4
2288,5
2289,2
2290,2
2291,2
2292,5
2293,5
2294,5
2295,5
2296,3
2297,4
2298,4
2299,3
2300,2
2301,2
2302,3
2303,3
2304,2
2305,1
2306,4
2307,3
2308,2
2309,3
2310,3
2311,3
2312,3
2313,3
2314,3
2315,3
2316,4
2317,4
2318,4
2319,4
2320,4
2321,1
2322,4
2323,3
2324,4
2325,3
2326,4
2327,5
2328,4
2329,4
2330,4
2331,5
2332,4
2333,4
2334,4
2335,4
2336,4
2337,4
2338,4
2339,4
2340,4
2341,4
2342,4
2343,4
2344,4
2345,3
2346,3
2347,3
2348,5
2349,4
2350,5
2351,3
2352,4
2353,3
2354,3
2355,3
2356,2
2357,2
2358,2
2359,4
2360,4
2361,4
2362,2
2363,4
2364,4
2365,5
2366,5
2367,5
2368,2
2369,4
2370,4
2371,4
2372,4
2373,4
2374,4
2375,4
2376,4
2377,3
2378,4
2379,4
2380,4
2381,4
2382,4
2383,4
2384,4
2385,4
2386,3
2387,3
2388,3
2389,3
2390,3
2391,3
2392,3
2393,3
2394,4
2395,3
2396,4
2397,4
2398,4
2399,4
2400,4
2401,3
2402,4
2403,4
2404,4
2405,4
2406,4
2407,3
2408,3
2409,4
2410,4
2411,3
2412,5
2413,5
2414,5
2415,5
2416,5
2417,5
2418,5
2419,5
2420,4
2421,4
2422,4
2423,4
2424,4
2425,5
2426,5
2427,5
2428,5
2429,5
2430,5
2431,5
2432,5
2433,5
2434,3
2435,3
2436,3
2437,5
2438,5
2439,4
2440,4
2441,4
2442,4
2443,5
2444,3
2445,3
2446,4
2447,4
2448,2
2449,3
2450,3
2451,3
2452,3
2453,3
2454,3
2455,3
2456,5
2457,5
2458,5
2459,5
2460,5
2461,5
2462,5
2463,3
2464,3
2465,3
2466,3
2467,5
2468,5
2469,5
2470,5
2471,5
2472,5
2473,5
2474,5
2475,4
2476,3
2477,3
2478,3
2479,4
2480,4
2481,4
2482,4
2483,4
2484,4
2485,4
2486,4
2487,4
2488,4
2489,4
2490,4
2491,4
2492,4
2493,4
2494,3
2495,3
2496,3
2497,3
2498,3
2499,3
2500,3
2501,5
2502,3
2503,2
2504,3
2505,3
2506,3
2507,2
2508,3
2509,3
2510,3
2511,3
2512,3
2513,3
2514,3
2515,3
2516,4
2517,3
2518,3
2519,3
2520,3
2521,3
2522,3
2523,3
2524,3
2525,3
2526,2
2527,2
2528,2
2529,2
2530,2
2531,2
2532,2
2533,2
2534,2
2535,2
2536,4
2537,4
2538,4
2539,4
2540,4
2541,4
2542,4
2543,2
2544,3
2545,3
2546,3
2547,3
2548,3
2549,3
2550,3
2551,3
2552,3
2553,3
2554,2
2555,2
2556,2
2557,1
2558,1
2559,3
2560,3
2561,3
2562,3
2563,3
2564,3
2565,2
2566,3
2567,3
2568,3
2569,3
2570,3
2571,3
2572,3
2573,3
2574,3
2575,5
2576,5
2577,5
2578,5
2579,5
2580,5
2581,5
2582,5
2583,5
2584,5
2585,5
2586,5
2587,5
2588,5
2589,5
2590,5
2591,5
2592,5
2593,5
2594,5
2595,5
2596,5
2597,5
2598,5
2599,5
2600,5
2601,5
2602,5
2603,5
2604,5
2605,5
2606,5
2607,5
2608,5
2609,4
2610,4
2611,4
2612,4
2613,4
2614,4
2615,4
2616,4
2617,4
2618,4
2619,5
2620,5
2621,5
2622,5
2623,5
2624,5
2625,5
2626,5
2627,5
2628,5
2629,5
2630,5
2631,5
2632,4
2633,5
2634,5
2635,5
2636,4
2637,4
2638,4
2639,4
2640,4
2641,3
2642,3
2643,3
2644,3
2645,5
2646,5
2647,5
2648,5
2649,5
2650,5
2651,5
2652,5
2653,5
2654,5
2655,5
2656,5
2657,4
2658,3
2659,3
2660,3
2661,3
2662,3
2663,3
2664,3
2665,3
2666,3
2667,3
2668,3
2669,3
2670,3
2671,3
2672,3
2673,3
2674,3
2675,3
2676,3
2677,3
2678,3
2679,3
2680,3
2681,3
2682,3
2683,3
2684,3
2685,3
2686,3
2687,3
2688,3
2689,4
2690,4
2691,5
2692,4
2693,4
2694,3
2695,3
2696,3
2697,3
2698,3
2699,3
2700,3
2701,3
2702,3
2703,4
2704,4
2705,5
2706,4
2707,4
2708,4
2709,4
2710,4
2711,4
2712,4
2713,4
2714,4
2715,4
2716,4
2717,4
2718,4
2719,4
2720,4
2721,3
2722,3
2723,3
2724,3
2725,4
2726,4
2727,3
2728,4
2729,4
2730,5
2731,5
2732,5
2733,3
2734,3
2735,3
2736,3
2737,3
2738,3
2739,3
2740,3
2741,3
2742,3
2743,3
2744,3
2745,3
2746,5
2747,5
2748,5
2749,5
2750,3
2751,3
2752,3
2753,3
2754,3
2755,3
2756,5
2757,5
2758,5
2759,5
2760,5
2761,5
2762,5
2763,5
2764,3
2765,3
2766,3
2767,3
2768,3
2769,3
2770,3
2771,5
2772,5
2773,5
2774,3
2775,3
2776,3
2777,3
2778,3
2779,5
2780,5
2781,5
2782,3
2783,3
2784,1
2785,1
2786,3
2787,3
2788,4
2789,3
2790,3
2791,4
2792,4
2793,4
2794,4
2795,3
2796,4
2797,3
2798,5
2799,2
2800,4
2801,4
2802,4
2803,3
2804,3
2805,3
2806,4
2807,4
2808,4
2809,4
2810,3
2811,4
2812,3
2813,4
2814,3
2815,5
2816,5
2817,5
2818,4
2819,4
2820,4
2821,4
2822,5
2823,5
2824,5
2825,4
2826,4
2827,4
2828,3
2829,3
2830,4
2831,5
2832,4
2833,4
2834,3
2835,4
2836,5
2837,4
2838,4
2839,5
2840,4
2841,4
2842,4
2843,4
2844,4
2845,4
2846,4
2847,4
2848,4
2849,4
2850,5
2851,5
2852,4
2853,5
2854,4
2855,5
2856,4
2857,5
2858,5
2859,4
2860,4
2861,5
2862,3
2863,5
2864,4
2865,5
2866,5
2867,4
2868,3
2869,5
2870,4
2871,5
2872,4
2873,4
2874,4
2875,5
2876,4
2877,4
2878,5
2879,5
2880,4
2881,4
2882,5
2883,4
2884,5
2885,4
2886,5
2887,4
2888,4
2889,4
2890,5
2891,5
2892,4
2893,4
2894,4
2895,5
2896,5
2897,5
2898,4
2899,4
2900,5
2901,4
2902,5
2903,5
2904,5
2905,5
2906,4
2907,5
2908,5
2909,4
2910,5
2911,5
2912,4
2913,5
2914,4
2915,4
2916,5
2917,5
2918,5
2919,5
2920,5
2921,5
2922,5
2923,4
2924,5
2925,3
2926,3
2927,3
2928,3
2929,3
2930,5
2931,5
2932,4
2933,5
2934,5
2935,5
2936,4
2937,5
2938,5
2939,4
2940,5
2941,5
2942,5
2943,5
2944,5
2945,3
2946,5
2947,5
2948,5
2949,4
2950,5
2951,5
2952,5
2953,4
2954,5
2955,5
2956,3
2957,5
2958,5
2959,4
2960,5
2961,5
2962,4
2963,5
2964,4
2965,5
2966,5
2967,5
2968,4
2969,5
2970,5
2971,5
2972,5
2973,5
2974,4
2975,4
2976,5
2977,5
2978,5
2979,5
2980,4
2981,5
2982,5
2983,5
2984,5
2985,5
2986,5
2987,5
2988,5
2989,5
2990,5
2991,5
2992,4
2993,5
2994,5
2995,5
2996,5
2997,5
2998,5
2999,5
3000,5
3001,5
3002,5
3003,5
3004,5
3005,5
3006,5
3007,5
3008,5
3009,5
3010,5
3011,5
3012,5
3013,5
3014,5
3015,1
3016,5
3017,5
3018,5
3019,5
3020,5
3021,5
3022,5
3023,5
3024,5
3025,5
3026,5
3027,5
3028,5
3029,5
3030,5
3031,5
3032,5
3033,5
3034,5
3035,5
3036,5
3037,5
3038,5
3039,5
3040,5
3041,5
3042,5
3043,5
3044,5
3045,5
3046,5
3047,5
3048,5
3049,5
3050,5
3051,5
3052,5
3053,5
3054,5
3055,5
3056,5
3057,5
3058,5
3059,5
3060,5
3061,5
3062,5
3063,5
3064,5
3065,5
3066,4
3067,3
3068,4
3069,4
3070,3
3071,4
3072,4
3073,5
3074,5
3075,5
3076,4
3077,4
3078,5
3079,5
3080,5
3081,5
3082,3
3083,4
3084,4
3085,4
3086,5
3087,3
3088,4
3089,5
3090,5
3091,4
3092,3
3093,4
3094,4
3095,4
3096,5
3097,5
3098,4
3099,4
3100,5
3101,4
3102,5
3103,4
3104,3
3105,3
3106,3
3107,5
3108,5
3109,5
3110,5
3111,5
3112,3
3113,5
3114,5
3115,5
3116,4
3117,3
3118,3
3119,3
3120,3
3121,4
3122,5
3123,4
3124,2
3125,3
3126,3
3127,2
3128,3
3129,5
3130,5
3131,5
3132,5
3133,5
3134,5
3135,5
3136,5
3137,3
3138,3
3139,3
3140,3
3141,3
3142,3
3143,3
3144,3
3145,4
3146,5
3147,4
3148,5
3149,5
3150,4
3151,5
3152,5
3153,5
3154,4
3155,5
3156,4
3157,4
3158,5
3159,4
3160,5
3161,5
3162,4
3163,4
3164,5
3165,5
3166,5
3167,4
3168,5
3169,5
3170,4
3171,4
3172,4
3173,4
3174,5
3175,4
3176,5
3177,4
3178,4
3179,5
3180,5
3181,4
3182,5
3183,5
3184,5
3185,4
3186,4
3187,5
3188,5
3189,5
3190,5
3191,5
3192,5
3193,5
3194,4
3195,5
3196,4
3197,5
3198,4
3199,4
3200,5
3201,4
3202,3
3203,3
3204,4
3205,4
3206,5
3207,4
3208,5
3209,5
3210,5
3211,5
3212,5
3213,5
3214,5
3215,4
3216,5
3217,4
3218,5
3219,5
3220,4
3221,4
3222,5
3223,5
3224,4
3225,5
3226,4
3227,5
3228,4
3229,5
3230,4
3231,4
3232,5
3233,5
3234,5
3235,5
3236,5
3237,5
3238,5
3239,5
3240,4
3241,5
3242,4
3243,5
3244,5
3245,5
3246,4
3247,4
3248,4
3249,5
3250,5
3251,4
3252,4
3253,5
3254,4
3255,5
3256,5
3257,4
3258,5
3259,5
3260,4
3261,5
3262,5
3263,5
3264,4
3265,5
3266,5
3267,5
3268,5
3269,4
3270,4
3271,4
3272,4
3273,3
3274,4
3275,5
3276,3
3277,5
3278,4
3279,5
3280,4
3281,4
3282,4
3283,4
3284,3
3285,3
3286,3
3287,3
3288,3
3289,5
3290,5
3291,5
3292,5
3293,5
3294,5
3295,5
3296,4
3297,3
3298,3
3299,3
3300,3
3301,4
3302,4
3303,4
3304,4
3305,4
3306,5
3307,5
3308,1
3309,1
3310,1
3311,1
3312,3
3313,3
3314,3
3315,3
3316,4
3317,5
3318,5
3319,5
3320,5
3321,3
3322,3
3323,4
3324,3
3325,3
3326,3
3327,5
3328,3
3329,3
3330,2
3331,2
3332,3
3333,2
3334,2
3335,2
3336,1
3337,1
3338,1
3339,1
3340,2
3341,2
3342,1
3343,3
3344,3
3345,3
3346,2
3347,5
3348,5
3349,5
3350,3
3351,3
3352,3
3353,3
3354,3
3355,3
3356,2
3357,2
3358,2
3359,2
3360,2
3361,2
3362,2
3363,2
3364,2
3365,2
3366,2
3367,2
3368,2
3369,2
3370,2
3371,2
3372,2
3373,3
3374,3
3375,2
3376,3
3377,2
3378,5
3379,2
3380,2
3381,3
3382,2
3383,2
3384,2
3385,2
3386,3
3387,2
3388,3
3389,2
3390,2
3391,4
3392,5
3393,5
3394,5
3395,5
3396,3
3397,3
3398,2
3399,1
3400,1
3401,1
3402,5
3403,5
3404,5
3405,5
3406,5
3407,2
3408,2
3409,2
3410,4
3411,4
3412,4
3413,4
3414,4
3415,4
3416,4
3417,4
3418,4
3419,4
3420,4
3421,4
3422,4
3423,4
3424,2
3425,2
3426,5
3427,5
3428,5
3429,5
3430,5
3431,5
3432,3
3433,4
3434,4
3435,4
3436,4
3437,4
3438,4
3439,4
3440,4
3441,4
3442,4
3443,2
3444,2
3445,2
3446,2
3447,2
3448,2
3449,2
3450,2
3451,2
3452,2
3453,5
3454,5
3455,5
3456,5
3457,5
3458,4
3459,4
3460,4
3461,4
3462,4
3463,4
3464,5
3465,5
3466,5
3467,5
3468,5
3469,5
3470,5
3471,3
3472,3
3473,3
3474,3
3475,3
3476,3
3477,3
3478,3
3479,2
3480,2
3481,2
3482,2
3483,2
3484,2
3485,3
3486,3
3487,3
3488,3
3489,3
3490,3
3491,3
3492,3
3493,3
3494,3
3495,5
3496,2
3497,3
3498,3
3499,3
3500,3
3501,3
3502,4
3503,4
3504,3
3505,5
3506,4
3507,2
3508,4
3509,3
3510,3
3511,3
3512,4
3513,3
3514,5
3515,3
3516,4
3517,4
3518,4
3519,4
3520,4
3521,4
3522,4
3523,3
3524,3
3525,3
3526,4
3527,3
3528,3
3529,3
3530,3
3531,3
3532,3
3533,4
3534,4
3535,4
3536,4
3537,4
3538,3
3539,4
3540,3
3541,5
3542,5
3543,5
3544,3
3545,3
3546,4
3547,5
3548,5
3549,4
3550,3
3551,3
3552,3
3553,3
3554,2
3555,2
3556,2
3557,2
3558,3
3559,3
3560,3
3561,2
3562,3
3563,4
3564,3
3565,4
3566,2
3567,2
3568,4
3569,4
3570,4
3571,4
3572,1
3573,2
3574,2
3575,2
3576,2
3577,4
3578,3
3579,4
3580,3
3581,2
3582,3
3583,4
3584,4
3585,4
3586,3
3587,3
3588,3
3589,3
3590,4
3591,4
3592,4
3593,4
3594,4
3595,3
3596,4
3597,3
3598,2
3599,2
3600,5
3601,5
3602,3
3603,4
3604,4
3605,3
3606,1
3607,1
3608,1
3609,1
3610,1
3611,1
3612,1
3613,1
3614,1
3615,1
3616,1
3617,1
3618,1
3619,1
3620,1
3621,1
3622,1
3623,1
3624,1
3625,1
3626,1
3627,1
3628,1
3629,1
3630,1
3631,1
3632,1
3633,1
3634,1
3635,1
3636,1
3637,1
3638,1
3639,1
3640,1
3641,1
3642,1
3643,1
3644,1
3645,1
3646,1
3647,1
3648,1
3649,1
3650,1
3651,1
3652,1
3653,1
3654,1
3655,1
3656,1
3657,1
3658,1
3659,1
3660,1
3661,1
3662,1
3663,1
3664,1
3665,1
3666,1
3667,1
3668,1
3669,1
3670,1
3671,1
3672,1
3673,1
3674,1
3675,1
3676,1
3677,1
3678,1
3679,1
3680,1
3681,1
3682,1
3683,1
3684,1
3685,1
3686,1
3687,1
3688,1
3689,1
3690,1
3691,1
3692,1
3693,1
3694,1
3695,1
3696,1
3697,1
3698,1
3699,1
3700,1
3701,1
3702,1
3703,1
3704,1
3705,1
3706,1
3707,1
3708,1
3709,1
3710,1
3711,1
3712,1
3713,1
3714,1
3715,1
3716,1
3717,1
3718,1
3719,1
3720,1
3721,1
3722,1
3723,1
3724,1
3725,1
3726,1
3727,1
3728,1
3729,1
3730,1
3731,1
3732,1
3733,1
3734,1
3735,1
3736,1
3737,1
3738,1
3739,1
3740,1
3741,1
3742,1
3743,1
3744,1
3745,1
3746,1
3747,1
3748,1
3749,1
3750,1
3751,1
3752,1
3753,1
3754,1
3755,1
3756,1
3757,1
3758,1
3759,1
3760,1
3761,1
3762,1
3763,1
3764,1
3765,1
3766,1
3767,1
3768,1
3769,1
3770,1
3771,1
3772,1
3773,1
3774,1
3775,1
3776,1
3777,1
3778,1
3779,1
3780,1
3781,1
3782,1
3783,1
3784,1
3785,1
3786,1
3787,1
3788,1
3789,1
3790,1
3791,1
3792,1
3793,1
3794,1
3795,1
3796,1
3797,1
3798,1
3799,1
3800,1
3801,1
3802,1
3803,1
3804,1
3805,1
3806,1
3807,1
3808,1
3809,1
3810,1
3811,1
3812,1
3813,1
3814,1
3815,1
3816,1
3817,1
3818,1
3819,1
3820,1
3821,1
3822,1
3823,1
3824,1
3825,1
3826,1
3827,1
3828,1
3829,1
3830,1
3831,1
3832,1
3833,1
3834,1
3835,1
3836,1
3837,1
3838,1
3839,1
3840,1
3841,1
3842,1
3843,1
3844,1
3845,1
3846,1
3847,1
3848,1
3849,1
3850,1
3851,1
3852,1
3853,1
3854,1
3855,1
3856,1
3857,1
3858,1
3859,1
3860,1
3861,1
3862,1
3863,1
3864,1
3865,1
3866,1
3867,1
3868,1
3869,1
3870,1
3871,1
3872,1
3873,1
3874,1
3875,1
3876,1
3877,1
3878,1
3879,1
3880,1
3881,1
3882,1
3883,1
3884,1
3885,1
3886,1
3887,1
3888,1
3889,1
3890,1
3891,1
3892,1
3893,1
3894,1
3895,1
3896,1
3897,1
3898,1
3899,1
3900,1
3901,1
3902,1
3903,1
3904,1
3905,1
3906,1
3907,1
3908,1
3909,1
3910,1
3911,1
3912,1
3913,1
3914,1
3915,1
3916,1
3917,1
3918,1
3919,1
3920,1
3921,1
3922,1
3923,1
3924,1
3925,1
3926,1
3927,1
3928,1
3929,1
3930,1
3931,1
3932,1
3933,1
3934,1
3935,1
3936,1
3937,1
3938,1
3939,1
3940,1
3941,1
3942,1
3943,1
3944,1
3945,1
3946,1
3947,1
3948,1
3949,1
3950,1
3951,1
3952,1
3953,1
3954,1
3955,1
3956,1
3957,1
3958,1
3959,1
3960,1
3961,1
3962,1
3963,1
3964,1
3965,1
3966,1
3967,1
3968,1
3969,1
3970,1
3971,1
3972,1
3973,1
3974,1
3975,1
3976,1
3977,1
3978,1
3979,1
3980,1
3981,1
3982,1
3983,1
3984,1
3985,1
3986,1
3987,1
3988,1
3989,1
3990,1
3991,1
3992,1
3993,1
3994,1
3995,1
3996,1
3997,1
3998,1
3999,1
4000,1
4001,1
4002,1
4003,1
4004,1
4005,1
4006,1
4007,1
4008,1
4009,1
4010,1
4011,1
4012,1
4013,1
4014,1
4015,1
4016,1
4017,1
4018,1
4019,1
4020,1
4021,1
4022,1
4023,1
4024,1
4025,1
4026,1
4027,1
4028,1
4029,1
4030,1
4031,1
4032,1
4033,1
4034,1
4035,1
4036,1
4037,1
4038,1
4039,1
4040,1
4041,1
4042,1
4043,1
4044,1
4045,1
4046,1
4047,1
4048,1
4049,1
4050,1
4051,1
4052,1
4053,1
4054,1
4055,1
4056,1
4057,1
4058,1
4059,1
4060,1
4061,1
4062,1
4063,1
4064,1
4065,1
4066,1
4067,1
4068,1
4069,1
4070,1
4071,1
4072,1
4073,1
4074,1
4075,1
4076,1
4077,1
4078,1
4079,1
4080,1
4081,1
4082,1
4083,1
4084,1
4085,1
4086,1
4087,1
4088,1
4089,1
4090,1
4091,1
4092,1
4093,1
4094,1
4095,1
4096,1
4097,1
4098,1
4099,1
4100,1
4101,1
4102,1
4103,1
4104,1
4105,1
4106,1
4107,1
4108,1
4109,1
4110,1
4111,1
4112,1
4113,1
4114,1
4115,1
4116,1
4117,1
4118,1
4119,1
4120,1
4121,1
4122,1
4123,1
4124,1
4125,1
4126,1
4127,1
4128,1
4129,1
4130,1
4131,1
4132,1
4133,1
4134,1
4135,1
4136,1
4137,1
4138,1
4139,1
4140,1
4141,1
4142,1
4143,1
4144,1
4145,1
4146,1
4147,1
4148,1
4149,1
4150,1
4151,1
4152,1
4153,1
4154,1
4155,1
4156,1
4157,1
4158,1
4159,1
4160,1
4161,1
4162,1
4163,1
4164,1
4165,1
4166,1
4167,1
4168,1
4169,1
4170,1
4171,1
4172,1
4173,1
4174,1
4175,1
4176,1
4177,1
4178,1
4179,1
4180,1
4181,1
4182,1
4183,1
4184,1
4185,1
4186,1
4187,1
4188,1
4189,1
4190,1
4191,1
4192,1
4193,1
4194,1
4195,1
4196,1
4197,1
4198,1
4199,1
4200,1
4201,1
4202,1
4203,1
4204,1
4205,1
4206,1
4207,1
4208,1
4209,1
4210,1
4211,1
4212,1
4213,1
4214,1
4215,1
4216,1
4217,1
4218,1
4219,1
4220,1
4221,1
4222,1
4223,1
4224,1
4225,1
4226,1
4227,1
4228,1
4229,1
4230,1
4231,1
4232,1
4233,1
4234,1
4235,1
4236,1
4237,1
4238,1
4239,1
4240,1
4241,1
4242,1
4243,1
4244,1
4245,1
4246,1
4247,1
4248,1
4249,1
4250,1
4251,1
4252,1
4253,1
4254,1
4255,1
4256,1
4257,1
4258,1
4259,1
4260,1
4261,1
4262,1
4263,1
4264,1
4265,1
4266,1
4267,1
4268,1
4269,1
4270,1
4271,1
4272,1
4273,1
4274,1
4275,1
4276,1
4277,1
4278,1
4279,1
4280,1
4281,1
4282,1
4283,1
4284,1
4285,1
4286,1
4287,1
4288,1
4289,1
4290,1
4291,1
4292,1
4293,1
4294,1
4295,1
4296,1
4297,1
4298,1
4299,1
4300,1
4301,1
4302,1
4303,1
4304,1
4305,1
4306,1
4307,1
4308,1
4309,1
4310,1
4311,1
4312,1
4313,1
4314,1
4315,1
4316,1
4317,1
4318,1
4319,1
4320,1
4321,1
4322,1
4323,1
4324,1
4325,1
4326,1
4327,1
4328,1
4329,1
4330,1
4331,1
4332,1
4333,1
4334,1
4335,1
4336,1
4337,1
4338,1
4339,1
4340,1
4341,1
4342,1
4343,1
4344,1
4345,1
4346,1
4347,1
4348,1
4349,1
4350,1
4351,1
4352,1
4353,1
4354,1
4355,1
4356,1
4357,1
4358,1
4359,1
4360,1
4361,1
4362,1
4363,1
4364,1
4365,1
4366,1
4367,1
4368,1
4369,1
4370,1
4371,1
4372,1
4373,1
4374,1
4375,1
4376,1
4377,1
4378,1
4379,1
4380,1
4381,1
4382,1
4383,1
4384,1
4385,1
4386,1
4387,1
4388,1
4389,1
4390,1
4391,1
4392,1
4393,1
4394,1
4395,1
4396,1
4397,1
4398,1
4399,1
4400,1
4401,1
4402,1
4403,1
4404,1
4405,1
4406,1
4407,1
4408,1
4409,1
4410,1
4411,1
4412,1
4413,1
4414,1
4415,1
4416,1
4417,1
4418,1
4419,1
4420,1
4421,1
4422,1
4423,1
4424,1
4425,1
4426,1
4427,1
4428,1
4429,1
4430,1
4431,1
4432,1
4433,1
4434,1
4435,1
4436,1
4437,1
4438,1
4439,1
4440,1
4441,1
4442,1
4443,1
4444,1
4445,1
4446,1
4447,1
4448,1
4449,1
4450,1
4451,1
4452,1
4453,1
4454,1
4455,1
4456,1
4457,1
4458,1
4459,1
4460,1
4461,1
4462,1
4463,1
4464,1
4465,1
4466,1
4467,1
4468,1
4469,1
4470,1
4471,1
4472,1
4473,1
4474,1
4475,1
4476,1
4477,1
4478,1
4479,1
4480,1
4481,1
4482,1
4483,1
4484,1
4485,1
4486,1
4487,1
4488,1
4489,1
4490,1
4491,1
4492,1
4493,1
4494,1
4495,1
4496,1
4497,1
4498,1
4499,1
4500,1
4501,1
4502,1
4503,1
4504,1
4505,1
4506,1
4507,1
4508,1
4509,1
4510,1
4511,1
4512,1
4513,1
4514,1
4515,1
4516,1
4517,1
4518,1
4519,1
4520,1
4521,1
4522,1
4523,1
4524,1
4525,1
4526,1
4527,1
4528,1
4529,1
4530,1
4531,1
4532,1
4533,1
4534,1
4535,1
4536,1
4537,1
4538,1
4539,1
4540,1
4541,1
4542,1
4543,1
4544,1
4545,1
4546,1
4547,1
4548,1
4549,1
4550,1
4551,1
4552,1
4553,1
4554,1
4555,1
4556,1
4557,1
4558,1
4559,1
4560,1
4561,1
4562,1
4563,1
4564,1
4565,1
4566,1
4567,1
4568,1
4569,1
4570,1
4571,1
4572,1
4573,1
4574,1
4575,1
4576,1
4577,1
4578,1
4579,1
4580,1
4581,1
4582,1
4583,1
4584,1
4585,1
4586,1
4587,1
4588,1
4589,1
4590,1
4591,1
4592,1
4593,1
4594,1
4595,1
4596,1
4597,1
4598,1
4599,1
4600,1
4601,1
4602,1
4603,1
4604,1
4605,1
4606,1
4607,1
4608,1
4609,1
4610,1
4611,1
4612,1
4613,1
4614,1
4615,1
4616,1
4617,1
4618,1
4619,1
4620,1
4621,1
4622,1
4623,1
4624,1
4625,1
4626,1
4627,1
4628,1
4629,1
4630,1
4631,1
4632,1
4633,1
4634,1
4635,1
4636,1
4637,1
4638,1
4639,1
4640,1
4641,1
4642,1
4643,1
4644,1
4645,1
4646,1
4647,1
4648,1
4649,1
4650,1
4651,1
4652,1
4653,1
4654,1
4655,1
4656,1
4657,1
4658,1
4659,1
4660,1
4661,1
4662,1
4663,1
4664,1
4665,1
4666,1
4667,1
4668,1
4669,1
4670,1
4671,1
4672,1
4673,1
4674,1
4675,1
4676,1
4677,1
4678,1
4679,1
4680,1
4681,1
4682,1
4683,1
4684,1
4685,1
4686,1
4687,1
4688,1
4689,1
4690,1
4691,1
4692,1
4693,1
4694,1
4695,1
4696,1
4697,1
4698,1
4699,1
4700,1
4701,1
4702,1
4703,1
4704,1
4705,1
4706,1
4707,1
4708,1
4709,1
4710,1
4711,1
4712,1
4713,1
4714,1
4715,1
4716,1
4717,1
4718,1
4719,1
4720,1
4721,1
4722,1
4723,1
4724,1
4725,1
4726,1
4727,1
4728,1
4729,1
4730,1
4731,1
4732,1
4733,1
4734,1
4735,1
4736,1
4737,1
4738,1
4739,1
4740,1
4741,1
4742,1
4743,1
4744,1
4745,1
4746,1
4747,1
4748,1
4749,1
4750,1
4751,1
4752,1
4753,1
4754,1
4755,1
4756,1
4757,1
4758,1
4759,1
4760,1
4761,1
4762,1
4763,1
4764,1
4765,1
4766,1
4767,1
4768,1
4769,1
4770,1
4771,1
4772,1
4773,1
4774,1
4775,1
4776,1
4777,1
4778,1
4779,1
4780,1
4781,1
4782,1
4783,1
4784,1
4785,1
4786,1
4787,1
4788,1
4789,1
4790,1
4791,1
4792,1
4793,1
4794,1
4795,1
4796,1
4797,1
4798,1
4799,1
4800,1
4801,1
4802,1
4803,1
4804,1
4805,1
4806,1
4807,1
4808,1
4809,1
4810,1
4811,1
4812,1
4813,1
4814,1
4815,1
4816,1
4817,1
4818,1
4819,1
4820,1
4821,1
4822,1
4823,1
4824,1
4825,1
4826,1
4827,1
4828,1
4829,1
4830,1
4831,1
4832,1
4833,1
4834,1
4835,1
4836,1
4837,1
4838,1
4839,1
4840,1
4841,1
4842,1
4843,1
4844,1
4845,1
4846,1
4847,1
4848,1
4849,1
4850,1
4851,1
4852,1
4853,1
4854,1
4855,1
4856,1
4857,1
4858,1
4859,1
4860,1
4861,1
4862,1
4863,1
4864,1
4865,1
4866,1
4867,1
4868,1
4869,1
4870,1
4871,1
4872,1
4873,1
4874,1
4875,1
4876,1
4877,1
4878,1
4879,1
4880,1
4881,1
4882,1
4883,1
4884,1
4885,1
4886,1
4887,1
4888,1
4889,1
4890,1
4891,1
4892,1
4893,1
4894,1
4895,1
4896,1
4897,1
4898,1
4899,1
4900,1
4901,1
4902,1
4903,1
4904,1
4905,1
4906,1
4907,1
4908,1
4909,1
4910,1
4911,1
4912,1
4913,1
4914,1
4915,1
4916,1
4917,1
4918,1
4919,1
4920,1
4921,1
4922,1
4923,1
4924,1
4925,1
4926,1
4927,1
4928,1
4929,1
4930,1
4931,1
4932,1
4933,1
4934,1
4935,1
4936,1
4937,1
4938,1
4939,1
4940,1
4941,1
4942,1
4943,2
4944,2
4945,2
4946,2
4947,2
4948,2
4949,2
4950,2
4951,2
4952,2
4953,2
4954,2
4955,2
4956,2
4957,2
4958,2
4959,2
4960,2
4961,2
4962,2
4963,2
4964,2
4965,2
4966,2
4967,2
4968,2
4969,2
4970,2
4971,2
4972,2
4973,2
4974,2
4975,2
4976,2
4977,2
4978,2
4979,2
4980,2
4981,2
4982,2
4983,2
4984,2
4985,2
4986,2
4987,2
4988,2
4989,2
4990,2
4991,2
4992,2
4993,2
4994,2
4995,2
4996,2
4997,2
4998,2
4999,2
5000,2
5001,2
5002,2
5003,2
5004,2
5005,2
5006,2
5007,2
5008,2
5009,2
5010,2
5011,2
5012,2
5013,2
5014,2
5015,2
5016,2
5017,2
5018,2
5019,2
5020,2
5021,2
5022,2
5023,2
5024,2
5025,2
5026,2
5027,2
5028,2
5029,2
5030,2
5031,2
5032,2
5033,2
5034,2
5035,2
5036,2
5037,2
5038,2
5039,2
5040,2
5041,2
5042,2
5043,2
5044,2
5045,2
5046,2
5047,2
5048,2
5049,2
5050,2
5051,2
5052,2
5053,2
5054,2
5055,2
5056,2
5057,2
5058,2
5059,2
5060,2
5061,2
5062,2
5063,2
5064,2
5065,2
5066,2
5067,2
5068,2
5069,2
5070,2
5071,2
5072,2
5073,2
5074,2
5075,2
5076,2
5077,2
5078,2
5079,2
5080,2
5081,2
5082,2
5083,2
5084,2
5085,2
5086,2
5087,2
5088,2
5089,2
5090,2
5091,2
5092,2
5093,2
5094,2
5095,2
5096,2
5097,2
5098,2
5099,2
5100,2
5101,2
5102,2
5103,2
5104,2
5105,2
5106,2
5107,2
5108,2
5109,2
5110,2
5111,2
5112,2
5113,2
5114,2
5115,2
5116,2
5117,2
5118,2
5119,2
5120,2
5121,2
5122,2
5123,2
5124,2
5125,2
5126,2
5127,2
5128,2
5129,2
5130,2
5131,2
5132,2
5133,2
5134,2
5135,2
5136,2
5137,2
5138,2
5139,2
5140,2
5141,2
5142,2
5143,2
5144,2
5145,2
5146,2
5147,2
5148,2
5149,2
5150,2
5151,2
5152,2
5153,2
5154,2
5155,2
5156,2
5157,2
5158,2
5159,2
5160,2
5161,2
5162,2
5163,2
5164,2
5165,2
5166,2
5167,2
5168,2
5169,2
5170,2
5171,2
5172,2
5173,2
5174,2
5175,2
5176,2
5177,2
5178,2
5179,2
5180,2
5181,2
5182,2
5183,2
5184,2
5185,2
5186,2
5187,2
5188,2
5189,2
5190,2
5191,2
5192,2
5193,2
5194,2
5195,2
5196,2
5197,2
5198,2
5199,2
5200,2
5201,2
5202,2
5203,2
5204,2
5205,2
5206,2
5207,2
5208,2
5209,2
5210,2
5211,2
5212,2
5213,2
5214,2
5215,2
5216,2
5217,2
5218,2
5219,2
5220,2
5221,2
5222,2
5223,2
5224,2
5225,2
5226,2
5227,2
5228,2
5229,2
5230,2
5231,2
5232,2
5233,2
5234,2
5235,2
5236,2
5237,2
5238,2
5239,2
5240,2
5241,2
5242,2
5243,2
5244,2
5245,2
5246,2
5247,2
5248,2
5249,2
5250,2
5251,2
5252,2
5253,2
5254,2
5255,2
5256,2
5257,2
5258,2
5259,2
5260,2
5261,2
5262,2
5263,2
5264,2
5265,2
5266,2
5267,2
5268,2
5269,2
5270,2
5271,2
5272,2
5273,2
5274,2
5275,2
5276,2
5277,2
5278,2
5279,2
5280,2
5281,2
5282,2
5283,2
5284,2
5285,2
5286,2
5287,2
5288,2
5289,2
5290,2
5291,2
5292,2
5293,2
5294,2
5295,2
5296,2
5297,2
5298,2
5299,2
5300,2
5301,2
5302,2
5303,2
5304,2
5305,2
5306,2
5307,2
5308,2
5309,2
5310,2
5311,2
5312,2
5313,2
5314,2
5315,2
5316,2
5317,2
5318,2
5319,2
5320,2
5321,2
5322,2
5323,2
5324,2
5325,2
5326,2
5327,2
5328,2
5329,2
5330,2
5331,2
5332,2
5333,2
5334,2
5335,2
5336,2
5337,2
5338,2
5339,2
5340,2
5341,2
5342,2
5343,2
5344,2
5345,2
5346,2
5347,2
5348,2
5349,2
5350,2
5351,2
5352,2
5353,2
5354,2
5355,2
5356,2
5357,2
5358,2
5359,2
5360,2
5361,2
5362,2
5363,2
5364,2
5365,2
5366,2
5367,2
5368,2
5369,2
5370,2
5371,2
5372,2
5373,2
5374,2
5375,2
5376,2
5377,2
5378,2
5379,2
5380,2
5381,2
5382,2
5383,2
5384,2
5385,2
5386,2
5387,2
5388,2
5389,2
5390,2
5391,2
5392,2
5393,2
5394,2
5395,2
5396,2
5397,2
5398,2
5399,2
5400,2
5401,2
5402,2
5403,2
5404,2
5405,2
5406,2
5407,2
5408,2
5409,2
5410,2
5411,2
5412,2
5413,2
5414,2
5415,2
5416,2
5417,2
5418,2
5419,2
5420,2
5421,2
5422,2
5423,2
5424,2
5425,2
5426,2
5427,2
5428,2
5429,2
5430,2
5431,2
5432,2
5433,2
5434,2
5435,2
5436,2
5437,2
5438,2
5439,2
5440,2
5441,2
5442,2
5443,2
5444,2
5445,2
5446,2
5447,2
5448,2
5449,2
5450,2
5451,2
5452,2
5453,2
5454,2
5455,2
5456,2
5457,2
5458,2
5459,2
5460,2
5461,2
5462,2
5463,2
5464,2
5465,2
5466,2
5467,2
5468,2
5469,2
5470,2
5471,2
5472,2
5473,2
5474,2
5475,2
5476,2
5477,2
5478,2
5479,2
5480,2
5481,2
5482,2
5483,2
5484,2
5485,2
5486,2
5487,2
5488,2
5489,2
5490,2
5491,2
5492,2
5493,2
5494,2
5495,2
5496,2
5497,2
5498,2
5499,2
5500,2
5501,2
5502,2
5503,2
5504,2
5505,2
5506,2
5507,2
5508,2
5509,2
5510,2
5511,2
5512,2
5513,2
5514,2
5515,2
5516,2
5517,2
5518,2
5519,2
5520,2
5521,2
5522,2
5523,2
5524,2
5525,2
5526,2
5527,2
5528,2
5529,2
5530,2
5531,2
5532,2
5533,2
5534,2
5535,2
5536,2
5537,2
5538,2
5539,2
5540,2
5541,2
5542,2
5543,2
5544,2
5545,2
5546,2
5547,2
5548,2
5549,2
5550,2
5551,2
5552,2
5553,2
5554,2
5555,2
5556,2
5557,2
5558,2
5559,2
5560,2
5561,2
5562,2
5563,2
5564,2
5565,2
5566,2
5567,2
5568,2
5569,2
5570,2
5571,2
5572,2
5573,2
5574,2
5575,2
5576,2
5577,2
5578,2
5579,2
5580,2
5581,2
5582,2
5583,2
5584,2
5585,2
5586,2
5587,2
5588,2
5589,2
5590,2
5591,2
5592,2
5593,2
5594,2
5595,2
5596,2
5597,2
5598,2
5599,2
5600,2
5601,2
5602,2
5603,2
5604,2
5605,2
5606,2
5607,2
5608,2
5609,2
5610,2
5611,2
5612,2
5613,2
5614,2
5615,2
5616,2
5617,2
5618,2
5619,2
5620,2
5621,2
5622,2
5623,2
5624,2
5625,2
5626,2
5627,2
5628,2
5629,2
5630,2
5631,2
5632,2
5633,2
5634,2
5635,2
5636,2
5637,2
5638,2
5639,2
5640,2
5641,2
5642,2
5643,2
5644,2
5645,2
5646,2
5647,2
5648,2
5649,2
5650,2
5651,2
5652,2
5653,2
5654,2
5655,2
5656,2
5657,2
5658,2
5659,2
5660,2
5661,2
5662,2
5663,2
5664,2
5665,2
5666,2
5667,2
5668,2
5669,2
5670,2
5671,2
5672,2
5673,2
5674,2
5675,2
5676,2
5677,2
5678,2
5679,2
5680,2
5681,2
5682,2
5683,2
5684,2
5685,2
5686,2
5687,2
5688,2
5689,2
5690,2
5691,2
5692,2
5693,2
5694,2
5695,2
5696,2
5697,2
5698,2
5699,2
5700,2
5701,2
5702,2
5703,2
5704,2
5705,2
5706,2
5707,2
5708,2
5709,2
5710,2
5711,2
5712,2
5713,2
5714,2
5715,2
5716,2
5717,2
5718,2
5719,2
5720,2
5721,2
5722,2
5723,2
5724,2
5725,2
5726,2
5727,2
5728,2
5729,2
5730,2
5731,2
5732,2
5733,2
5734,2
5735,2
5736,2
5737,2
5738,2
5739,2
5740,2
5741,2
5742,2
5743,2
5744,2
5745,2
5746,2
5747,2
5748,2
5749,2
5750,2
5751,2
5752,2
5753,2
5754,2
5755,2
5756,2
5757,2
5758,2
5759,2
5760,2
5761,2
5762,2
5763,2
5764,2
5765,2
5766,2
5767,2
5768,2
5769,2
5770,2
5771,2
5772,2
5773,2
5774,2
5775,2
5776,2
5777,2
5778,2
5779,2
5780,2
5781,2
5782,2
5783,2
5784,2
5785,2
5786,2
5787,2
5788,2
5789,2
5790,2
5791,2
5792,2
5793,2
5794,2
5795,2
5796,2
5797,2
5798,2
5799,2
5800,2
5801,2
5802,2
5803,2
5804,2
5805,2
5806,2
5807,2
5808,2
5809,2
5810,2
5811,2
5812,2
5813,2
5814,2
5815,2
5816,2
5817,2
5818,2
5819,2
5820,2
5821,2
5822,2
5823,2
5824,2
5825,2
5826,2
5827,2
5828,2
5829,2
5830,2
5831,2
5832,2
5833,2
5834,2
5835,2
5836,2
5837,2
5838,2
5839,2
5840,2
5841,2
5842,2
5843,2
5844,2
5845,2
5846,2
5847,2
5848,2
5849,2
5850,2
5851,2
5852,2
5853,2
5854,2
5855,2
5856,2
5857,2
5858,2
5859,2
5860,2
5861,2
5862,2
5863,2
5864,2
5865,2
5866,2
5867,2
5868,2
5869,2
5870,2
5871,2
5872,2
5873,2
5874,2
5875,2
5876,2
5877,2
5878,2
5879,2
5880,2
5881,2
5882,2
5883,2
5884,2
5885,2
5886,2
5887,2
5888,2
5889,2
5890,2
5891,2
5892,2
5893,2
5894,2
5895,2
5896,2
5897,2
5898,2
5899,2
5900,2
5901,2
5902,2
5903,2
5904,2
5905,2
5906,2
5907,2
5908,2
5909,2
5910,2
5911,2
5912,2
5913,2
5914,2
5915,2
5916,2
5917,2
5918,2
5919,2
5920,2
5921,2
5922,2
5923,2
5924,2
5925,2
5926,2
5927,2
5928,2
5929,2
5930,2
5931,2
5932,2
5933,2
5934,2
5935,2
5936,2
5937,2
5938,2
5939,2
5940,2
5941,2
5942,2
5943,2
5944,2
5945,2
5946,2
5947,2
5948,2
5949,2
5950,2
5951,2
5952,2
5953,2
5954,2
5955,2
5956,2
5957,2
5958,2
5959,2
5960,2
5961,2
5962,2
5963,2
5964,2
5965,2
5966,2
5967,2
5968,2
5969,2
5970,2
5971,2
5972,2
5973,2
5974,2
5975,2
5976,2
5977,2
5978,2
5979,2
5980,2
5981,2
5982,2
5983,2
5984,2
5985,2
5986,2
5987,2
5988,2
5989,2
5990,2
5991,2
5992,2
5993,2
5994,2
5995,2
5996,2
5997,2
5998,2
5999,2
6000,2
6001,2
6002,2
6003,2
6004,2
6005,2
6006,2
6007,2
6008,2
6009,2
6010,2
6011,2
6012,2
6013,2
6014,2
6015,2
6016,2
6017,2
6018,2
6019,2
6020,2
6021,2
6022,2
6023,2
6024,2
6025,2
6026,2
6027,2
6028,2
6029,2
6030,2
6031,2
6032,2
6033,2
6034,2
6035,2
6036,2
6037,2
6038,2
6039,2
6040,2
6041,2
6042,2
6043,2
6044,2
6045,2
6046,2
6047,2
6048,2
6049,2
6050,2
6051,2
6052,2
6053,2
6054,2
6055,2
6056,2
6057,2
6058,2
6059,2
6060,2
6061,2
6062,2
6063,2
6064,2
6065,2
6066,2
6067,2
6068,2
6069,2
6070,2
6071,2
6072,2
6073,2
6074,2
6075,2
6076,2
6077,2
6078,2
6079,2
6080,2
6081,2
6082,2
6083,2
6084,2
6085,2
6086,2
6087,2
6088,2
6089,2
6090,2
6091,2
6092,2
6093,2
6094,2
6095,2
6096,2
6097,2
6098,2
6099,2
6100,2
6101,2
6102,2
6103,2
6104,2
6105,2
6106,2
6107,2
6108,2
6109,2
6110,2
6111,2
6112,2
6113,2
6114,2
6115,2
6116,2
6117,2
6118,2
6119,2
6120,2
6121,2
6122,2
6123,2
6124,2
6125,2
6126,2
6127,2
6128,2
6129,2
6130,2
6131,2
6132,2
6133,2
6134,2
6135,2
6136,2
6137,2
6138,2
6139,2
6140,2
6141,2
6142,3
6143,3
6144,3
6145,3
6146,3
6147,3
6148,3
6149,3
6150,3
6151,3
6152,3
6153,3
6154,3
6155,3
6156,3
6157,3
6158,3
6159,3
6160,3
6161,3
6162,3
6163,3
6164,3
6165,3
6166,3
6167,3
6168,3
6169,3
6170,3
6171,3
6172,3
6173,3
6174,3
6175,3
6176,3
6177,3
6178,3
6179,3
6180,3
6181,3
6182,3
6183,3
6184,3
6185,3
6186,3
6187,3
6188,3
6189,3
6190,3
6191,3
6192,3
6193,3
6194,3
6195,3
6196,3
6197,3
6198,3
6199,3
6200,3
6201,3
6202,3
6203,3
6204,3
6205,3
6206,3
6207,3
6208,3
6209,3
6210,3
6211,3
6212,3
6213,3
6214,3
6215,3
6216,3
6217,3
6218,3
6219,3
6220,3
6221,3
6222,3
6223,3
6224,3
6225,3
6226,3
6227,3
6228,3
6229,3
6230,3
6231,3
6232,3
6233,3
6234,3
6235,3
6236,3
6237,3
6238,3
6239,3
6240,3
6241,3
6242,3
6243,3
6244,3
6245,3
6246,3
6247,3
6248,3
6249,3
6250,3
6251,3
6252,3
6253,3
6254,3
6255,3
6256,3
6257,3
6258,3
6259,3
6260,3
6261,3
6262,3
6263,3
6264,3
6265,3
6266,3
6267,3
6268,3
6269,3
6270,3
6271,3
6272,3
6273,3
6274,3
6275,3
6276,3
6277,3
6278,3
6279,3
6280,3
6281,3
6282,3
6283,3
6284,3
6285,3
6286,3
6287,3
6288,3
6289,3
6290,3
6291,3
6292,3
6293,3
6294,3
6295,3
6296,3
6297,3
6298,3
6299,3
6300,3
6301,3
6302,3
6303,3
6304,3
6305,3
6306,3
6307,3
6308,3
6309,3
6310,3
6311,3
6312,3
6313,3
6314,3
6315,3
6316,3
6317,3
6318,3
6319,3
6320,3
6321,3
6322,3
6323,3
6324,3
6325,3
6326,3
6327,3
6328,3
6329,3
6330,3
6331,3
6332,3
6333,3
6334,3
6335,3
6336,3
6337,3
6338,3
6339,3
6340,3
6341,3
6342,3
6343,3
6344,3
6345,3
6346,3
6347,3
6348,3
6349,3
6350,3
6351,3
6352,3
6353,3
6354,3
6355,3
6356,3
6357,3
6358,3
6359,3
6360,3
6361,3
6362,3
6363,3
6364,3
6365,3
6366,3
6367,3
6368,3
6369,3
6370,3
6371,3
6372,3
6373,3
6374,3
6375,3
6376,3
6377,3
6378,3
6379,3
6380,3
6381,3
6382,3
6383,3
6384,3
6385,3
6386,3
6387,3
6388,3
6389,3
6390,3
6391,3
6392,3
6393,3
6394,3
6395,3
6396,3
6397,3
6398,3
6399,3
6400,3
6401,3
6402,3
6403,3
6404,3
6405,3
6406,3
6407,3
6408,3
6409,3
6410,3
6411,3
6412,3
6413,3
6414,3
6415,3
6416,3
6417,3
6418,3
6419,3
6420,3
6421,3
6422,3
6423,3
6424,3
6425,3
6426,3
6427,3
6428,3
6429,3
6430,3
6431,3
6432,3
6433,3
6434,3
6435,3
6436,3
6437,3
6438,3
6439,5
6440,5
6441,5
6442,5
6443,5
6444,5
6445,5
6446,5
6447,5
6448,5
6449,5
6450,5
6451,5
6452,5
6453,5
6454,5
6455,5
6456,5
6457,5
6458,5
6459,5
6460,5
6461,5
6462,5
6463,5
6464,5
6465,5
6466,5
6467,5
6468,5
6469,5
6470,5
6471,5
6472,5
6473,5
6474,5
6475,5
6476,5
6477,5
6478,5
6479,5
6480,5
6481,5
6482,5
6483,5
6484,5
6485,5
6486,5
6487,5
6488,5
6489,5
6490,5
6491,5
6492,5
6493,5
6494,5
6495,5
6496,5
6497,5
6498,5
6499,5
6500,5
6501,5
6502,5
6503,5
6504,5
6505,5
6506,5
6507,5
6508,5
6509,5
6510,5
6511,5
6512,5
6513,5
6514,5
6515,5
6516,5
6517,5
6518,5
6519,5
6520,5
6521,5
6522,5
6523,5
6524,5
6525,5
6526,5
6527,5
6528,5
6529,5
6530,5
6531,5
6532,5
6533,5
6534,5
6535,5
6536,5
6537,5
6538,5
6539,5
6540,5
6541,5
6542,5
6543,5
6544,5
6545,5
6546,5
6547,5
6548,5
6549,5
6550,5
6551,5
6552,5
6553,5
6554,5
6555,5
6556,5
6557,5
6558,5
6559,5
6560,5
6561,5
6562,5
6563,5
6564,5
6565,5
6566,5
6567,5
6568,5
6569,5
6570,5
6571,5
6572,5
6573,5
6574,5
6575,5
6576,5
6577,5
6578,5
6579,5
6580,5
6581,5
6582,5
6583,5
6584,5
6585,5
6586,5
6587,5
6588,5
6589,5
6590,5
6591,5
6592,5
6593,5
6594,5
6595,5
6596,5
6597,5
6598,5
6599,5
6600,5
6601,5
6602,5
6603,5
6604,5
6605,5
6606,5
6607,5
6608,5
6609,5
6610,5
6611,5
6612,5
6613,5
6614,5
6615,5
6616,5
6617,5
6618,5
6619,5
6620,5
6621,5
6622,5
6623,5
6624,5
6625,5
6626,5
6627,5
6628,5
6629,5
6630,5
6631,5
6632,5
6633,5
6634,5
6635,5
6636,5
6637,5
6638,5
6639,5
6640,5
6641,5
6642,5
6643,5
6644,5
6645,5
6646,5
6647,5
6648,5
6649,5
6650,5
6651,5
6652,5
6653,5
6654,5
6655,5
6656,5
6657,5
6658,5
6659,5
6660,5
6661,5
6662,5
6663,5
6664,5
6665,5
6666,5
6667,5
6668,5
6669,5
6670,5
6671,5
6672,5
6673,5
6674,5
6675,5
6676,5
6677,5
6678,5
6679,5
6680,5
6681,5
6682,5
6683,5
6684,5
6685,5
6686,5
6687,5
6688,5
6689,5
6690,5
6691,5
6692,5
6693,5
6694,5
6695,5
6696,5
6697,5
6698,5
6699,5
6700,5
6701,5
6702,5
6703,5
6704,5
6705,5
6706,5
6707,5
6708,5
6709,5
6710,5
6711,5
6712,5
6713,5
6714,5
6715,5
6716,5
6717,5
6718,5
6719,5
6720,5
6721,5
6722,5
6723,5
6724,5
6725,5
6726,5
6727,5
6728,5
6729,5
6730,5
6731,5
6732,5
6733,5
6734,5
6735,5
6736,5
6737,5
6738,5
6739,5
6740,5
6741,5
6742,5
6743,5
6744,5
6745,5
6746,5
6747,5
6748,5
6749,5
6750,5
6751,5
6752,5
6753,5
6754,5
6755,5
6756,5
6757,5
6758,5
6759,5
6760,5
6761,5
6762,5
6763,5
6764,5
6765,5
6766,5
6767,5
6768,5
6769,5
6770,5
6771,5
6772,5
6773,5
6774,5
6775,5
6776,5
6777,5
6778,5
6779,5
6780,5
6781,5
6782,5
6783,5
6784,5
6785,5
6786,5
6787,5
6788,5
6789,5
6790,5
6791,5
6792,5
6793,5
6794,5
6795,5
6796,5
6797,5
6798,5
6799,5
6800,5
6801,5
6802,5
6803,5
6804,5
6805,5
6806,5
6807,5
6808,5
6809,5
6810,5
6811,5
6812,5
6813,5
6814,5
6815,5
6816,5
6817,5
6818,5
6819,5
6820,5
6821,5
6822,5
6823,5
6824,5
6825,5
6826,5
6827,5
6828,5
6829,5
6830,5
6831,5
6832,5
6833,5
6834,5
6835,5
6836,5
6837,5
6838,5
6839,5
6840,5
6841,5
6842,5
6843,5
6844,5
6845,5
6846,5
6847,5
6848,5
6849,5
6850,5
6851,5
6852,5
6853,5
6854,5
6855,5
6856,5
6857,5
6858,5
6859,5
6860,5
6861,5
6862,5
6863,5
6864,5
6865,5
6866,5
6867,5
6868,5
6869,5
6870,5
6871,5
6872,5
6873,5
6874,5
6875,5
6876,5
6877,5
6878,5
6879,5
6880,5
6881,5
6882,5
6883,5
6884,5
6885,5
6886,5
6887,5
6888,5
6889,5
6890,5
6891,5
6892,5
6893,5
6894,5
6895,5
6896,5
6897,5
6898,5
6899,5
6900,5
6901,5
6902,5
6903,5
6904,5
6905,5
6906,5
6907,5
6908,5
6909,5
6910,5
6911,5
6912,5
6913,5
6914,5
6915,5
6916,5
6917,5
6918,5
6919,5
6920,5
6921,5
6922,5
6923,5
6924,5
6925,5
6926,5
6927,5
6928,5
6929,5
6930,5
6931,5
6932,5
6933,5
6934,5
6935,5
6936,5
6937,5
6938,5
6939,5
6940,5
6941,5
6942,5
6943,5
6944,5
6945,5
6946,5
6947,5
6948,5
6949,5
6950,5
6951,5
6952,5
6953,5
6954,5
6955,5
6956,5
6957,5
6958,5
6959,5
6960,5
6961,5
6962,5
6963,5
6964,5
6965,5
6966,5
6967,5
6968,5
6969,5
6970,5
6971,5
6972,5
6973,5
6974,5
6975,5
6976,5
6977,5
6978,5
6979,5
6980,5
6981,5
6982,5
6983,5
6984,5
6985,5
6986,5
6987,5
6988,5
6989,5
6990,5
6991,5
6992,5
6993,5
6994,5
6995,5
6996,5
6997,5
6998,5
6999,5
